id,lat,lng,accessible,babyChange,borough,code
a92f4b043f3875afd3447d58,51.50972181,-0.078490445,TRUE,TRUE,CityofLondon,E09000001
1e7a329babd2b53e6a413347,51.51236123,-0.090572834,TRUE,TRUE,CityofLondon,E09000001
224c13a9acfaa31d12e04e95,51.51380044,-0.098968148,FALSE,TRUE,CityofLondon,E09000001
5ebfa6d651ca0386d2892313,51.51384384,-0.095057487,TRUE,TRUE,CityofLondon,E09000001
10b912ae13172a076490b330,51.51182072,-0.103318691,FALSE,TRUE,CityofLondon,E09000001
1dba5ae4210bc9e76c21ab75,51.5182737,-0.081002712,TRUE,TRUE,CityofLondon,E09000001
5d46ab0eb1e46ac02fd094c1,51.5176778,-0.0816015,FALSE,TRUE,CityofLondon,E09000001
8c93df0ec73d155fd4f03cc6,51.5141098,-0.100203752,FALSE,TRUE,CityofLondon,E09000001
b3c9a94bb4d1e22b5879cade,51.51991935,-0.093705654,TRUE,TRUE,CityofLondon,E09000001
5bf298b74a802fe4417b6694,51.51781838,-0.09614539,FALSE,TRUE,CityofLondon,E09000001
a6d10496c544e0063694a50f,51.51058265,-0.090609398,FALSE,TRUE,CityofLondon,E09000001
93527b4c5bb97682a090484f,51.51520923,-0.089282691,TRUE,TRUE,CityofLondon,E09000001
7ceb1dd024a609f2cea28ce5,51.51157341,-0.078591579,FALSE,TRUE,CityofLondon,E09000001
091edeb7a3571fdee1d0db27,51.51394069,-0.103584554,FALSE,TRUE,CityofLondon,E09000001
10970de11d645309861d8456,51.51355382,-0.088212332,FALSE,TRUE,CityofLondon,E09000001
2f13c2c9a1ed0bbef482ef44,51.51313351,-0.091266077,TRUE,TRUE,CityofLondon,E09000001
153758909729c27b5b266435,51.51794657,-0.079908371,FALSE,TRUE,CityofLondon,E09000001
6b1530dfede7ecf0bdeb0f36,51.51168103,-0.088487483,TRUE,TRUE,CityofLondon,E09000001
28243a6a41280e1e4b6a54e8,51.51865424,-0.079342425,TRUE,TRUE,CityofLondon,E09000001
6ed371dc11af08160b634017,51.51092231,-0.085745796,FALSE,TRUE,CityofLondon,E09000001
b437802a9e838730eb3fcf0c,51.51501296,-0.074841941,FALSE,TRUE,CityofLondon,E09000001
aef167c164adb89a1cf421ff,51.5202932,-0.08199513,TRUE,TRUE,CityofLondon,E09000001
ca8ba0f290abc943fdcc36b5,51.51817418,-0.078670286,TRUE,TRUE,CityofLondon,E09000001
ce7d97d0ab2ac5783a8677a0,51.51696015,-0.098769665,TRUE,TRUE,CityofLondon,E09000001
46c895d50a739a5301db1c12,51.50450079,-0.157227671,TRUE,TRUE,Westminster,E09000033
50ad26eb135d6245a48dc10a,51.5316156,-0.1703141,TRUE,TRUE,Westminster,E09000033
c49bebbca720d77c5ea1a1bc,51.50998113,-0.134426951,FALSE,TRUE,Westminster,E09000033
de020649a74895cd55260abb,51.49686295,-0.141524076,TRUE,TRUE,Westminster,E09000033
cc93e05f2f3bf3ba6c71b5e0,51.5243863,-0.2014195,TRUE,TRUE,Westminster,E09000033
5416c83ee97c426a4b30b9cd,51.5141092,-0.1395125,FALSE,TRUE,Westminster,E09000033
8dc607055d247af02ed20122,51.5278516,-0.1526109,TRUE,TRUE,Westminster,E09000033
ac716ae52c79ec3a4c4b961b,51.50866066,-0.129859149,FALSE,TRUE,Westminster,E09000033
9c87f46cef7571c34d4a9f6a,51.50844865,-0.128552914,FALSE,TRUE,Westminster,E09000033
1b2a8eca18a105b40607fb79,51.5011945,-0.126004815,FALSE,TRUE,Westminster,E09000033
8f4146bc462e34ac90b2bee1,51.5080215,-0.161203344,TRUE,TRUE,Westminster,E09000033
a5187bec9c4c584ab68734d3,51.50880086,-0.126983821,TRUE,TRUE,Westminster,E09000033
cc9b705d70e22f327d085ee5,51.5032917,-0.1358969,FALSE,TRUE,Westminster,E09000033
a6b8e850fa678c24cdc22253,51.5205121,-0.1537534,TRUE,TRUE,Westminster,E09000033
a12e6e62ac68034f7c44f311,51.50748861,-0.121756196,TRUE,TRUE,Westminster,E09000033
0c129af6bd3171c92f440484,51.5116708,-0.123443378,FALSE,TRUE,Westminster,E09000033
b3d7be6461b0d74c913219f0,51.50845371,-0.124744177,TRUE,TRUE,Westminster,E09000033
da2d6315d2d29d364869d0f8,51.5046837,-0.1300195,FALSE,TRUE,Westminster,E09000033
d1b454053c3aa66fc4f04f4d,51.50653237,-0.142857057,FALSE,TRUE,Westminster,E09000033
c22dca3b4ef4b4b480f75495,51.5159434,-0.1884939,FALSE,TRUE,Westminster,E09000033
e08c6f473a16c1b1f237c6c9,51.51055372,-0.130553842,FALSE,TRUE,Westminster,E09000033
fc15b2ff14194e66e4dede0d,51.51411759,-0.154227018,TRUE,TRUE,Westminster,E09000033
43933df0620342b976c6112a,51.49498124,-0.124792457,FALSE,TRUE,Westminster,E09000033
644a91db011d9a18db57e8ef,51.50886766,-0.127614141,TRUE,TRUE,Westminster,E09000033
c4b282cfe15a6ae41daf1d86,51.51639581,-0.177516639,FALSE,TRUE,Westminster,E09000033
e728eb3ae3f3a18c8e6464bc,51.5113361,-0.1757157,FALSE,TRUE,Westminster,E09000033
17644d3803dc7a764a953463,51.5225401,-0.163627749,TRUE,TRUE,Westminster,E09000033
fdd7b6fc584b6c22e7029ff3,51.51689672,-0.17614603,TRUE,TRUE,Westminster,E09000033
ed4098652f65042072fbbc3c,51.52275765,-0.156786918,FALSE,TRUE,Westminster,E09000033
97d128d08d0fdf9111a6054d,51.5013275,-0.1238053,TRUE,TRUE,Westminster,E09000033
fef032bb5244033d82e9459b,51.51066466,-0.1313392,TRUE,TRUE,Westminster,E09000033
96fe8343ce13df52bd1be047,51.53533732,-0.174190163,TRUE,TRUE,Westminster,E09000033
1dd0f403d1694d6f7dd33f9a,51.49539036,-0.145123601,FALSE,TRUE,Westminster,E09000033
4e22a61327cfc4a10a527a2f,51.5296886,-0.1610689,FALSE,TRUE,Westminster,E09000033
c3faef0e0a5c4b2e6d635b74,51.51196428,-0.122488439,FALSE,TRUE,Westminster,E09000033
5d2ca57673242b93493f3ccc,51.50491827,-0.159823895,TRUE,TRUE,Westminster,E09000033
cd514d55ef08de0bb0bf1dd3,51.51437632,-0.152719617,FALSE,TRUE,Westminster,E09000033
99eb5a82c14c08f2cceb33ec,51.50878586,-0.139217377,TRUE,TRUE,Westminster,E09000033
cde302290d623e2780afd6a3,51.5235936,-0.1702576,FALSE,TRUE,Westminster,E09000033
a4936fbeac74432d1fb3d0ed,51.51038678,-0.1177302,FALSE,TRUE,Westminster,E09000033
f0281eb922ac6c249f71a71b,51.50449532,-0.175169706,FALSE,TRUE,Westminster,E09000033
559d25102188ba8171bac628,51.50918985,-0.12822032,TRUE,TRUE,Westminster,E09000033
3d0682287a7722f821b00bcc,51.49975022,-0.200015488,TRUE,TRUE,KensingtonandChelsea,E09000020
a8f1a4573c4204e1802629c4,51.49235775,-0.15863657,TRUE,TRUE,KensingtonandChelsea,E09000020
b556e51240e3a8ec095a7780,51.49642567,-0.176180899,TRUE,TRUE,KensingtonandChelsea,E09000020
5b85dcd1aff27de9ccea8d04,51.5014455,-0.2032589,TRUE,TRUE,KensingtonandChelsea,E09000020
27c1892458a07c7e7e3089aa,51.5158995,-0.2047463,FALSE,TRUE,KensingtonandChelsea,E09000020
6b526560a4aabf3ac3e4839b,51.48461667,-0.181671367,FALSE,TRUE,KensingtonandChelsea,E09000020
c5d663081059e69a96297f08,51.49623197,-0.171924233,FALSE,TRUE,KensingtonandChelsea,E09000020
e8193ee6bd9d1200e9cf2d79,51.50877919,-0.18774122,FALSE,TRUE,KensingtonandChelsea,E09000020
47fc77a82534815aa89b9b12,51.49284372,-0.201804042,TRUE,TRUE,KensingtonandChelsea,E09000020
3ee53f431f1437d9729368f5,51.51421941,-0.201213956,TRUE,TRUE,KensingtonandChelsea,E09000020
41b87ddd1e97f0e4f1058db7,51.49737581,-0.17218709,TRUE,TRUE,KensingtonandChelsea,E09000020
cdc9cab46fbade7897f74c60,51.50995493,-0.222263988,TRUE,TRUE,KensingtonandChelsea,E09000020
8b10dfd8f0ec78ce8bf485c1,51.51321196,-0.227208008,TRUE,TRUE,KensingtonandChelsea,E09000020
7aa34dfa75cbaebbea4d6d43,51.49215902,-0.223889351,TRUE,TRUE,KensingtonandChelsea,E09000020
d24b1ab9dcc76bd69c1d7513,51.49278184,-0.225375295,TRUE,TRUE,KensingtonandChelsea,E09000020
36d7057fd31488fc200bb8ad,51.511973,-0.2244689,FALSE,TRUE,KensingtonandChelsea,E09000020
010c036838cfcca98662d35c,51.49340148,-0.227985084,TRUE,TRUE,KensingtonandChelsea,E09000020
80283d96721d3e79ea63ef8f,51.49780829,-0.210242271,FALSE,TRUE,KensingtonandChelsea,E09000020
4a5b460f524feda35ed708d9,51.472008,-0.217745,FALSE,TRUE,KensingtonandChelsea,E09000020
d7e4f05eebcb9e6c15adbd1f,51.49751273,-0.22390008,TRUE,TRUE,KensingtonandChelsea,E09000020
72624a13bfa6dd8db2c180ee,51.43535698,-0.144968033,TRUE,TRUE,Wandsworth,E09000032
4194f9b7a98ed51e92b6cd0a,51.42742505,-0.16825676,FALSE,TRUE,Wandsworth,E09000032
05c393786f23ade64fb26835,51.47550949,-0.161200687,TRUE,TRUE,Wandsworth,E09000032
3bbb119daac0515eee4c7311,51.46544453,-0.213181973,TRUE,TRUE,Wandsworth,E09000032
ad1d06a3da78a2a6e0202fd8,51.46335464,-0.170037746,FALSE,TRUE,Wandsworth,E09000032
bfde17312d3d2ef3e6308635,51.46497665,-0.171704292,FALSE,TRUE,Wandsworth,E09000032
40b9d6fb88364ddd10d87c99,51.47440902,-0.154538155,TRUE,TRUE,Wandsworth,E09000032
1f7f0f7540b8ff5d0cfca69e,51.47733308,-0.148162967,FALSE,TRUE,Wandsworth,E09000032
d9c297cd0338f9e37295474f,51.4461876,-0.163383008,FALSE,TRUE,Wandsworth,E09000032
1a79bdb8970d3dd678f82d44,51.4633708,-0.216679573,TRUE,TRUE,Wandsworth,E09000032
724af7953466fb25186c0b7f,51.48910323,-0.110142231,TRUE,TRUE,Lambeth,E09000022
996ad96c5db54bc92a707d33,51.50772894,-0.109930843,FALSE,TRUE,Lambeth,E09000022
6d1597dc430cf37479a190cc,51.42584148,-0.094186702,FALSE,TRUE,Lambeth,E09000022
f1643f473b771adef48cdb89,51.50530496,-0.118497312,TRUE,TRUE,Lambeth,E09000022
48edc256a84af9d383e72784,51.49495953,-0.120114684,FALSE,TRUE,Lambeth,E09000022
681b86154eb96fb27d19252e,51.44586648,-0.125157237,TRUE,TRUE,Lambeth,E09000022
cd1dd540100cc0a21b62dde7,51.48736402,-0.119001567,TRUE,TRUE,Lambeth,E09000022
613ef886938f89b59c72c882,51.46317599,-0.13358742,TRUE,TRUE,Lambeth,E09000022
f1812d35ed7244e2cb88234c,51.46248088,-0.138109624,TRUE,TRUE,Lambeth,E09000022
ec433e1f15c5b1bc902a474a,51.43261514,-0.105898976,TRUE,TRUE,Lambeth,E09000022
22c6b6bd5b6939cfdf2ee694,51.43317695,-0.103197992,TRUE,TRUE,Lambeth,E09000022
067667cb02c3a6442faa3367,51.48077479,-0.128188133,TRUE,TRUE,Lambeth,E09000022
6a55030964416b04c2778a06,51.4609553,-0.11490047,TRUE,TRUE,Lambeth,E09000022
db988a7f97e3c8079d8522ef,51.49950198,-0.119206309,FALSE,TRUE,Lambeth,E09000022
be77199fbac69ff0edf8b1cc,51.45837732,-0.148736154,TRUE,TRUE,Lambeth,E09000022
28f323b6848614b3c3fc581b,51.50408038,-0.108893287,FALSE,TRUE,Lambeth,E09000022
9d4e798eef6057ed90ffcc67,51.5035019,-0.1131903,FALSE,TRUE,Lambeth,E09000022
5c318fe3776ad4a03326b44d,51.462816,-0.135521293,TRUE,TRUE,Lambeth,E09000022
78106fd3d07db125c01c2aa7,51.43788509,-0.127415657,FALSE,TRUE,Lambeth,E09000022
7bcad7e2a7633989b733a48b,51.425116,-0.131428242,FALSE,TRUE,Lambeth,E09000022
068f0bcf6c67780d1e3f3a20,51.46378856,-0.142017603,FALSE,TRUE,Lambeth,E09000022
b016ae188b3837baa9ec7e2e,51.4622211,-0.137951374,FALSE,TRUE,Lambeth,E09000022
7c4f1e382b581600b548367b,51.41868917,-0.136151833,FALSE,TRUE,Lambeth,E09000022
4e73ef742c1460100767ff8a,51.45701756,-0.145702958,TRUE,TRUE,Lambeth,E09000022
0e9863f7c09d3512e3508a65,51.42581015,-0.131546583,FALSE,TRUE,Lambeth,E09000022
324dcf23d4a5afbc5775a799,51.43977376,-0.105075902,FALSE,TRUE,Lambeth,E09000022
1f5486a357b3c6e29138a00a,51.45301409,-0.146641731,FALSE,TRUE,Lambeth,E09000022
1ff2eb724a0f6ef876408788,51.4382847,-0.12757659,FALSE,TRUE,Lambeth,E09000022
e63c891d9ff88f42c5ff0f58,51.48660426,-0.115458369,TRUE,TRUE,Lambeth,E09000022
d23b7b92170075ae22a61b28,51.45983638,-0.119712353,TRUE,TRUE,Lambeth,E09000022
810e329822d9f216be5e44aa,51.49165184,-0.097374916,TRUE,TRUE,Southwark,E09000028
fcc2d18378307376cc0e0561,51.49342272,-0.102149248,TRUE,TRUE,Southwark,E09000028
ec59339608e2981f4eb871f4,51.50777086,-0.099155903,FALSE,TRUE,Southwark,E09000028
305f7792ecaf71b6e4898645,51.48498413,-0.077789426,TRUE,TRUE,Southwark,E09000028
62f5939d1de9d52119348149,51.48910616,-0.07475853,TRUE,TRUE,Southwark,E09000028
868d22faa5f787d66fdfdadb,51.47003714,-0.069394247,FALSE,TRUE,Southwark,E09000028
c1d0694b408679415a2abd35,51.50471403,-0.07883817,TRUE,TRUE,Southwark,E09000028
6d885b05ab493e7af7c4b5bc,51.45839014,-0.0618862,TRUE,TRUE,Southwark,E09000028
22f0dae74ab63844b0a84565,51.49452702,-0.045779943,TRUE,TRUE,Southwark,E09000028
0aad84f3957381fd83b6cd50,51.51670004,-0.067454875,TRUE,TRUE,TowerHamlets,E09000030
a84a52687d2e0e40289fdc70,51.51602201,-0.070212185,TRUE,TRUE,TowerHamlets,E09000030
4ce275d22d2e72cf0e0277e7,51.50452537,-0.014250552,TRUE,TRUE,TowerHamlets,E09000030
33ca35f5e792bf0ea99566c1,51.53874494,-0.034565662,TRUE,TRUE,TowerHamlets,E09000030
a41f833456ffe604737b8833,51.53769585,-0.035461485,TRUE,TRUE,TowerHamlets,E09000030
48fa6093cb7c0a2425946b9b,51.52660815,-0.009843707,TRUE,TRUE,TowerHamlets,E09000030
56fa3fd65aba57eddb36ca1a,51.54043286,-0.033121811,TRUE,TRUE,TowerHamlets,E09000030
33a354093558a07367f577ac,51.51997782,-0.075689256,TRUE,TRUE,TowerHamlets,E09000030
459c11b3fb79b6bf6f33caaf,51.50527856,-0.022506416,TRUE,TRUE,TowerHamlets,E09000030
f03396e06b319d8f02573869,51.50290116,-0.018579662,TRUE,TRUE,TowerHamlets,E09000030
4d2e0c26210ece04bc4f40e0,51.52772116,-0.055197179,TRUE,TRUE,TowerHamlets,E09000030
0d1d2d440f430df113933080,51.51983466,-0.057745278,TRUE,TRUE,TowerHamlets,E09000030
1b3c29592dec02960d277705,51.51433256,-0.057037175,TRUE,TRUE,TowerHamlets,E09000030
8bdbe5aad415b66ee7be61fa,51.5115387,-0.014336407,TRUE,TRUE,TowerHamlets,E09000030
8eb48abea2d6135639d43534,51.50458714,-0.014572442,TRUE,TRUE,TowerHamlets,E09000030
dbc78bfa1da20818b008bf5a,51.53268357,-0.029737651,TRUE,TRUE,TowerHamlets,E09000030
844ecdee1e872f4d988426e4,51.52110098,-0.058547258,TRUE,TRUE,TowerHamlets,E09000030
3440d13fd2f5d18c17054563,51.50664565,-0.072658335,TRUE,TRUE,TowerHamlets,E09000030
9a5980bfa832ae35b1ba2d32,51.50610808,-0.017512149,TRUE,TRUE,TowerHamlets,E09000030
e9345aad5f18a54e15006d14,51.50686936,-0.067272317,TRUE,TRUE,TowerHamlets,E09000030
dba511ce2d929ebed551001b,51.53338273,-0.042671254,TRUE,TRUE,TowerHamlets,E09000030
0f08412b247e2e35a9c7cd18,51.56909444,-0.059815943,TRUE,TRUE,Hackney,E09000012
83c0a588c695fc3eb898060a,51.5613257,-0.0864985,TRUE,TRUE,Hackney,E09000012
311328d6cadcee1adab117c4,51.54690217,-0.05263567,FALSE,TRUE,Hackney,E09000012
09e24bd9c51c73df1597f069,51.5377523,-0.060408711,FALSE,TRUE,Hackney,E09000012
d22dc2b7d54fbb051da3ec7a,51.57376533,-0.072757648,FALSE,TRUE,Hackney,E09000012
9a9c3626c1c1d420488342f0,51.5476693,-0.0544657,FALSE,TRUE,Hackney,E09000012
106e8bde6016fa19e173013f,51.53494107,-0.121686459,TRUE,TRUE,Islington,E09000019
9ab69ef0e3909dd89d516ffe,51.56589667,-0.135848522,FALSE,TRUE,Islington,E09000019
c12b2b8deafdde6202f54ce0,51.56611342,-0.139405131,TRUE,TRUE,Islington,E09000019
a770439bddd0afde3c40fca6,51.53418193,-0.106124282,TRUE,TRUE,Islington,E09000019
340a1661c32eef2350be759b,51.56564658,-0.135580301,TRUE,TRUE,Islington,E09000019
d92d50344bbe4bc65a6535ff,51.51696015,-0.115340352,TRUE,TRUE,Camden,E09000007
c2952e3e1317c9b341a3ba53,51.52889461,-0.125704408,TRUE,TRUE,Camden,E09000007
b87cf72271e1c8441ca60a41,51.5403533,-0.186118116,TRUE,TRUE,Camden,E09000007
aadb5048ef37f3aea38949cd,51.52498722,-0.136828423,TRUE,TRUE,Camden,E09000007
fe2c6c53b3c52caffa41643a,51.52593731,-0.133992434,TRUE,TRUE,Camden,E09000007
5fe7062c8a7696fadb01ca4f,51.5326404,-0.12732178,TRUE,TRUE,Camden,E09000007
dd3df4c10ee14d15b4785d63,51.563736,-0.144099418,TRUE,TRUE,Camden,E09000007
4f4601b1077c4fa3d756872d,51.5388812,-0.14282763,FALSE,TRUE,Camden,E09000007
9040a10912fb997271fbc1d7,51.53659845,-0.126538575,TRUE,TRUE,Camden,E09000007
f8df55c0cfb22a6cfd29b84b,51.53528615,-0.126200616,TRUE,TRUE,Camden,E09000007
853f7b1eeffa4f60677f606b,51.55819143,-0.175110698,TRUE,TRUE,Camden,E09000007
2a76d00d66f2d2a11bc80287,51.53595213,-0.123504996,TRUE,TRUE,Camden,E09000007
68fff8353acbc75b8fb9ec02,51.53128038,-0.124207735,TRUE,TRUE,Camden,E09000007
67e6f329881587e46c42b777,51.53241346,-0.123673975,TRUE,TRUE,Camden,E09000007
3d3354bca3bd4b75b55df6b5,51.52861393,-0.132629871,TRUE,TRUE,Camden,E09000007
ae2b822573492459120a14da,51.541434,-0.146247,TRUE,TRUE,Camden,E09000007
78cf2397088671ac15239ae1,51.52227159,-0.120217623,TRUE,TRUE,Camden,E09000007
743b4f957c25ae974c6557b9,51.54707646,-0.180454731,FALSE,TRUE,Camden,E09000007
8fe82eda4615236dea87c861,51.54676873,-0.190828443,FALSE,TRUE,Camden,E09000007
ef09412fc151fe92f1f5c9ee,51.55353697,-0.165658593,FALSE,TRUE,Camden,E09000007
da8ef4befe104c37efca5830,51.53761817,-0.12765544,TRUE,TRUE,Camden,E09000007
f1a67dad85b86fa310385195,51.52436548,-0.137981772,TRUE,TRUE,Camden,E09000007
be63027d876cb8f22404d2c4,51.53795416,-0.125806332,FALSE,TRUE,Camden,E09000007
d600f2870be753c1e81f3bc2,51.53623909,-0.123762488,FALSE,TRUE,Camden,E09000007
ebf83609dce0b7f138032333,51.54824489,-0.132149756,TRUE,TRUE,Camden,E09000007
467860ef774cf4d4f0e21c35,51.55087516,-0.184471607,TRUE,TRUE,Camden,E09000007
596ccab8925778a57f24fcec,51.5164928,-0.126696825,TRUE,TRUE,Camden,E09000007
12e1f3b88be208685b965a2e,51.54788795,-0.162284374,TRUE,TRUE,Camden,E09000007
e5407efed6e0cf7bb06cf97e,51.55143055,-0.19163847,FALSE,TRUE,Camden,E09000007
e3ccf059e2bcc0a29f36dde4,51.54931903,-0.141132474,TRUE,TRUE,Camden,E09000007
4f4a225fa02f8cad33cbbf17,51.51940864,-0.126627088,FALSE,TRUE,Camden,E09000007
c9aa76f8c4c1d1555b6599a8,51.53019079,-0.127962828,FALSE,TRUE,Camden,E09000007
716b63518367cdfd0d91c035,51.55534127,-0.15076617,TRUE,TRUE,Camden,E09000007
50e9cba11f1d2162209ced8b,51.5518122,-0.1922934,FALSE,TRUE,Camden,E09000007
fd3608ed5c5e3908a786a49f,51.5543139,-0.1650324,FALSE,TRUE,Camden,E09000007
1cf0484bd8cd226898f397c3,51.54787293,-0.181191266,TRUE,TRUE,Camden,E09000007
2a574c5c2f9f4eef55a0e5e9,51.57055934,-0.14886056,FALSE,TRUE,Camden,E09000007
b3a07da1d7527f4c019c6a6a,51.55899687,-0.281428099,FALSE,TRUE,Brent,E09000005
1b9cea6b1f4f49394e60626d,51.55193452,-0.238652229,FALSE,TRUE,Brent,E09000005
85ee89a0c18e52fc4011aea4,51.56471954,-0.263940096,FALSE,TRUE,Brent,E09000005
95599846a3c4d32616ba9a95,51.538916,-0.303144044,TRUE,TRUE,Brent,E09000005
b7623b93a83d75785589d435,51.58434325,-0.278735161,TRUE,TRUE,Brent,E09000005
6bf13b1c09382d038822189a,51.59423237,-0.286221742,TRUE,TRUE,Brent,E09000005
35596982ade98cf82732a30a,51.54696055,-0.204700828,TRUE,TRUE,Brent,E09000005
b5d02fb001efddc43a7ddd11,51.55443491,-0.250842332,TRUE,TRUE,Brent,E09000005
9f52bf1b06971c2d68346141,51.56349767,-0.279301644,TRUE,TRUE,Brent,E09000005
776d0214aaa70d5150673635,51.53958742,-0.195506215,TRUE,TRUE,Brent,E09000005
aff96b1106e529f00f4ec881,51.53203324,-0.243267062,FALSE,TRUE,Brent,E09000005
d48b528703cc216266ad3f41,51.5560921,-0.2861669,FALSE,TRUE,Brent,E09000005
4b2999b6bc79b960bf339ec7,51.50604297,-0.304870605,FALSE,TRUE,Ealing,E09000009
97a900f2642dd4f475860d29,51.51304929,-0.321199894,TRUE,TRUE,Ealing,E09000009
9e238c991485a43fa3f1698c,51.5098327,-0.354810589,TRUE,TRUE,Ealing,E09000009
0e94bf0f764b688ac06e0b57,51.51250345,-0.384076238,TRUE,TRUE,Ealing,E09000009
f8482e7a371b850785c9a89a,51.51346827,-0.304146409,TRUE,TRUE,Ealing,E09000009
72c0b6b9975b5b3b98521343,51.50690943,-0.270398855,TRUE,TRUE,Ealing,E09000009
17b93a46407f50a0a8b0f55d,51.51120809,-0.318356752,FALSE,TRUE,Ealing,E09000009
0bde4810b5c33e8a158f0668,51.51207445,-0.383427143,TRUE,TRUE,Ealing,E09000009
eebf3081aee5b4abeb684758,51.5127288,-0.302445889,TRUE,TRUE,Ealing,E09000009
b8181db0e7640e9d5ed248ae,51.5338476,-0.318843783,TRUE,TRUE,Ealing,E09000009
9162d9aea57989a3af0d2f83,51.50963224,-0.308368206,FALSE,TRUE,Ealing,E09000009
6b8081281bb9c8442e5bf2a8,51.4673845,-0.364174247,TRUE,TRUE,Hounslow,E09000018
ece7ffbedfc1e7e353b5b966,51.4447063,-0.406322479,FALSE,TRUE,Hounslow,E09000018
9dac2e35e16bd1be3dd73a29,51.44327527,-0.405893326,FALSE,TRUE,Hounslow,E09000018
63fc38f5445543a0e2ea6ec2,51.4479016,-0.409827793,FALSE,TRUE,Hounslow,E09000018
a30d854d18ce25d92d6e358a,51.49911572,-0.407738686,TRUE,TRUE,Hounslow,E09000018
2d5730518a6456baf31f1710,51.44377346,-0.412990451,TRUE,TRUE,Hounslow,E09000018
8fc5267999b47906cf56f224,51.45938181,-0.415120125,TRUE,TRUE,Hounslow,E09000018
3ba428cea3104899d6eaf82b,51.48568229,-0.330190659,TRUE,TRUE,Hounslow,E09000018
a8ef6a0312a3b29f84a6b02f,51.45917458,-0.33741653,TRUE,TRUE,Hounslow,E09000018
eb1519fce2bde1e32793cba7,51.43617963,-0.305173695,TRUE,TRUE,Richmond,E09000027
8c3d8a3e7eae920d8da0ddd4,51.46097091,-0.303134679,TRUE,TRUE,Richmond,E09000027
5f736eae5b633dd624e3b52b,51.44763844,-0.319008529,TRUE,TRUE,Richmond,E09000027
c9499233a5294d0d6df7e8de,51.42539028,-0.377421677,TRUE,TRUE,Richmond,E09000027
c243fd11937df90b60cab22b,51.43625806,-0.25655462,TRUE,TRUE,Richmond,E09000027
4f30c35daac07ec239961c4b,51.44288072,-0.342960656,TRUE,TRUE,Richmond,E09000027
4f246ed21a8129a4f757cf5c,51.47119902,-0.267992914,TRUE,TRUE,Richmond,E09000027
c741ebbba38b157ecbb18448,51.42588532,-0.360196531,TRUE,TRUE,Richmond,E09000027
a6213906ae370226e6c424af,51.42588532,-0.336619914,TRUE,TRUE,Richmond,E09000027
a8bbdc94d22a8a180ab881bc,51.44586313,-0.299870968,TRUE,TRUE,Richmond,E09000027
0f79a49b41cda39c56454bea,51.45622647,-0.267620087,TRUE,TRUE,Richmond,E09000027
0f6cdf282aae78c3c31d2d4e,51.42690215,-0.355465114,TRUE,TRUE,Richmond,E09000027
526654a5032f951b2d808c87,51.47377194,-0.288828313,TRUE,TRUE,Richmond,E09000027
ada198d936db01a3c3368cc5,51.44754817,-0.327875912,TRUE,TRUE,Richmond,E09000027
789ce697533240fff7918be2,51.42769151,-0.334404409,TRUE,TRUE,Richmond,E09000027
855776ed5479972e81f2d125,51.4477576,-0.3259476,TRUE,TRUE,Richmond,E09000027
d80aa382e1b90b93532128e1,51.45895398,-0.306375325,TRUE,TRUE,Richmond,E09000027
008a794ea2a629ff2b510dad,51.46310164,-0.301039568,FALSE,TRUE,Richmond,E09000027
07abcfdac521a55dd92f9784,51.45274666,-0.313418806,TRUE,TRUE,Richmond,E09000027
667341f01c7a32d2eaffd032,51.44844081,-0.329495966,TRUE,TRUE,Richmond,E09000027
2cc4a8be56b4123f4c6b9cdf,51.45037655,-0.329159686,FALSE,TRUE,Richmond,E09000027
74d2547de29c293816b50412,51.47704968,-0.278324783,TRUE,TRUE,Richmond,E09000027
628465658ebedeb009bd0c4d,51.46543451,-0.267845392,TRUE,TRUE,Richmond,E09000027
29254d422c109d91ea21b639,51.392321,-0.304565,TRUE,TRUE,Kingston,E09000021
efa08e4f9257479d8ab78268,51.41498217,-0.281533224,TRUE,TRUE,Kingston,E09000021
e28e8ec0003b1e92d23e896a,51.41130611,-0.304698944,TRUE,TRUE,Kingston,E09000021
71f879ba7a2e5245e9808e97,51.40024315,-0.252599716,FALSE,TRUE,Kingston,E09000021
0a087983dac42d8c54fee6c3,51.42002476,-0.28671205,FALSE,TRUE,Kingston,E09000021
bc86693d6ec84938da1076b7,51.33836376,-0.319215059,TRUE,TRUE,Kingston,E09000021
e310c92476d974871e81cfa1,51.39136843,-0.307922959,TRUE,TRUE,Kingston,E09000021
8abd6d882f0f4626783fb366,51.4152625,-0.181467533,FALSE,TRUE,Merton,E09000024
29da086c43796dd33279cc87,51.41485266,-0.18112421,TRUE,TRUE,Merton,E09000024
4588733d059cb56021d0cc6c,51.42108144,-0.204969049,TRUE,TRUE,Merton,E09000024
4ccfc87d7f3913cbd4a31e74,51.42138957,-0.208493471,TRUE,TRUE,Merton,E09000024
1db813f456eb1172a6cedff0,51.41945116,-0.202412903,TRUE,TRUE,Merton,E09000024
5b342ca388cbc2c8aac5271f,51.40927621,-0.233237744,TRUE,TRUE,Merton,E09000024
9a4e06ff77fe45f6a8a8a665,51.40840457,-0.15396924,FALSE,TRUE,Merton,E09000024
9e7a998d4ca3ecfab2d312ed,51.42136453,-0.206562281,FALSE,TRUE,Merton,E09000024
5fe8c32787da69d0b87801b3,51.40241513,-0.239912868,TRUE,TRUE,Merton,E09000024
a6d4d53f9ab7fb7b99a304dd,51.36491144,-0.194326043,TRUE,TRUE,Sutton,E09000029
67ebbd137a67ba45c6659938,51.36823425,-0.19730866,TRUE,TRUE,Sutton,E09000029
9c64c13b2276da8680b641a9,51.3684549,-0.166366115,FALSE,TRUE,Sutton,E09000029
d5055275390f4966bb8c816b,51.35953356,-0.191213151,FALSE,TRUE,Sutton,E09000029
7d0c50732c5906719d4badb4,51.35741124,-0.169794788,FALSE,TRUE,Sutton,E09000029
8652a0aa87160e77533853d8,51.37630524,-0.13077,FALSE,TRUE,Sutton,E09000029
0e1b06a592cda56c0ba38cb9,51.38059361,-0.184042454,TRUE,TRUE,Sutton,E09000029
4c18db9fd3c1ed86c6298ba3,51.38560666,-0.174665451,FALSE,TRUE,Sutton,E09000029
a8aedee9a02cf27d5c304819,51.3603126,-0.221164226,TRUE,TRUE,Sutton,E09000029
62c579f8134c43db1a708f5a,51.35801756,-0.150837312,FALSE,TRUE,Sutton,E09000029
e7ff97c54f24e47c88f6ca76,51.37787262,-0.153904728,FALSE,TRUE,Sutton,E09000029
6afe6704e15b8b9a9414a228,51.36022048,-0.150563121,FALSE,TRUE,Sutton,E09000029
f39d7880c50340e40a3ccc07,51.37174856,-0.224656463,TRUE,TRUE,Sutton,E09000029
7ca17738f9cf571b0675e125,51.37530319,-0.206637383,FALSE,TRUE,Sutton,E09000029
5f76ff8a31e5c2d47c7996b9,51.36266734,-0.192319751,FALSE,TRUE,Sutton,E09000029
05ef8b7cef65990a576aaf3c,51.3651124,-0.193741322,TRUE,TRUE,Sutton,E09000029
351c95afda3aa7e029edd365,51.36416454,-0.193188787,TRUE,TRUE,Sutton,E09000029
6585343457e1aa915531b4e4,51.36705495,-0.195130706,TRUE,TRUE,Sutton,E09000029
1c4e88055e642d85d04da047,51.36448105,-0.079393387,TRUE,TRUE,Croydon,E09000008
28866fba711d992b7c6d09d9,51.39589554,-0.060349703,FALSE,TRUE,Croydon,E09000008
5bc5df5896b612bbf4ca838c,51.33737512,-0.117051601,TRUE,TRUE,Croydon,E09000008
b0246f9681778f547eec02f7,51.32107329,-0.137852132,TRUE,TRUE,Croydon,E09000008
ca5940471d96a6d541cb58c9,51.40824115,-0.073385239,TRUE,TRUE,Croydon,E09000008
0d89ee0d89fc9645ff427081,51.37611573,-0.102227215,FALSE,TRUE,Croydon,E09000008
e9ca7d8692f10f1a828f9326,51.37766994,-0.101735673,FALSE,TRUE,Croydon,E09000008
4384e5900cd7e52452f87724,51.38037263,-0.123682022,FALSE,TRUE,Croydon,E09000008
c60b1fe2957869a26b759181,51.39702022,-0.075216424,FALSE,TRUE,Croydon,E09000008
3f6da0ca18a9ea727e9adf8c,51.31583718,-0.137884398,FALSE,TRUE,Croydon,E09000008
fbaeb14db9eb9aac85c6f287,51.37508554,-0.092439651,FALSE,TRUE,Croydon,E09000008
2fcdf1ac71dcada5ad33a1e3,51.41144749,-0.121922189,FALSE,TRUE,Croydon,E09000008
03ca1d3add103ada1dc58682,51.34704533,-0.098851969,FALSE,TRUE,Croydon,E09000008
3820f1690b71fdbbdcdc7c3b,51.39169797,-0.087945474,FALSE,TRUE,Croydon,E09000008
40ea0442aa0e9b3c1c2853ac,51.3992396,-0.101001212,FALSE,TRUE,Croydon,E09000008
0777c2d432cd607dae6c3ca0,51.33739162,-0.113608701,FALSE,TRUE,Croydon,E09000008
ffb55e129e8aaaf97d70cb46,51.32212906,-0.134357214,FALSE,TRUE,Croydon,E09000008
a0f8689c4e222dcd6a1e9f4d,51.34227953,-0.062962174,TRUE,TRUE,Croydon,E09000008
72d70503ce45f79bfd5eb957,51.37578204,-0.117813349,TRUE,TRUE,Croydon,E09000008
ec4b7a37b14187aba5d96c90,51.37194447,-0.119261742,TRUE,TRUE,Croydon,E09000008
860649695e36a243fda2c1de,51.37637974,-0.092664957,FALSE,TRUE,Croydon,E09000008
0af87d05ce58ebcdd9348e0d,51.36237259,-0.068541169,TRUE,TRUE,Croydon,E09000008
3bace543b651103e674494cd,51.30883636,-0.122539401,TRUE,TRUE,Croydon,E09000008
243f6f31b82b71c36a0f64da,51.37583729,-0.10047555,FALSE,TRUE,Croydon,E09000008
5d0e168e72d6b26fe5ca098f,51.3760248,-0.102714283,FALSE,TRUE,Croydon,E09000008
e02728e1205d7377fbd06bdd,51.41759545,-0.071293461,FALSE,TRUE,Bromley,E09000006
f943c30167e4ae69068153b7,51.40850149,-0.024165123,TRUE,TRUE,Bromley,E09000006
d04cd0fa350cdbcefaf2764b,51.3672754,0.054810182,TRUE,TRUE,Bromley,E09000006
91deee2ff5d8619ac8e530d4,51.36606024,0.055553913,TRUE,TRUE,Bromley,E09000006
ff308e494db1ba3f59b12e95,51.41261814,0.122790556,FALSE,TRUE,Bromley,E09000006
5ed2764c4c7a6f9e2ac1be22,51.3739805,0.096731186,FALSE,TRUE,Bromley,E09000006
e4097a624eff012117d5fb1c,51.39994205,0.018356648,FALSE,TRUE,Bromley,E09000006
dfa45782528e5940abb5642f,51.30906104,0.036773086,FALSE,TRUE,Bromley,E09000006
18c5658a15d4309801c8d7c8,51.33124301,0.0536572,FALSE,TRUE,Bromley,E09000006
8d42de956743b8a64bdb85c3,51.40610793,-0.030491352,TRUE,TRUE,Bromley,E09000006
58e607cbd4c042270eb7e33d,51.4066701,-0.028731823,FALSE,TRUE,Bromley,E09000006
446e618ac57a6a7217d8cde5,51.39996203,0.031650066,TRUE,TRUE,Bromley,E09000006
c412e81c3bac2270a6d94221,51.31219133,0.034611225,FALSE,TRUE,Bromley,E09000006
dd379cdc9238abb0829439af,51.4049434,0.016790628,TRUE,TRUE,Bromley,E09000006
7dc054997f33d07eb7792f8b,51.38928129,0.072049499,TRUE,TRUE,Bromley,E09000006
a7757fcb5524beaedcc27cce,51.41826511,0.067918897,TRUE,TRUE,Bromley,E09000006
1b9f5c6f428a46d740e39886,51.38866534,0.073589087,FALSE,TRUE,Bromley,E09000006
f42b28fdb01af0d065eeeaf4,51.37880565,0.017541647,TRUE,TRUE,Bromley,E09000006
028ce033d400713f208a74c9,51.40396792,0.020449162,TRUE,TRUE,Bromley,E09000006
29974b89c5da57b81cf8b719,51.30852114,0.038017631,TRUE,TRUE,Bromley,E09000006
ed7ddc3531634adc0ccaa535,51.406686,0.0140381,FALSE,TRUE,Bromley,E09000006
bc1692a8d9e62ec7e85d1627,51.40395788,0.104997754,TRUE,TRUE,Bromley,E09000006
2bcd333f802c342c84a4fee8,51.40708671,-0.031076074,TRUE,TRUE,Bromley,E09000006
4f873df6e795184cbb14d0f0,51.4189208,0.06636858,TRUE,TRUE,Bromley,E09000006
9fab4b5693a8992d62464dbf,51.36970406,0.00193119,TRUE,TRUE,Bromley,E09000006
13d1a63815ede175309387a8,51.41161394,-0.026291013,TRUE,TRUE,Bromley,E09000006
2c634d33eb463a2168c02aaa,51.38243507,0.107175708,TRUE,TRUE,Bromley,E09000006
0e16b2db6ef22c2509692eea,51.41296734,-0.051342845,TRUE,TRUE,Bromley,E09000006
e83d2f43d4bb6364fbb65016,51.377694,0.100314617,TRUE,TRUE,Bromley,E09000006
adcbcbd7278225d4656529b3,51.39663523,-0.050339699,TRUE,TRUE,Bromley,E09000006
87ece5e4325fceaf4f86401b,51.35097281,0.088909864,TRUE,TRUE,Bromley,E09000006
7d2f5d99e1ec8ffcab21731c,51.37905008,0.01774013,TRUE,TRUE,Bromley,E09000006
bc819234abdccf3009dd884b,51.45678797,-0.013669035,TRUE,TRUE,Lewisham,E09000023
51bd4d5318653c9b4a6507f8,51.4899706,-0.0306948,TRUE,TRUE,Lewisham,E09000023
2cf92959b52df888d06ddead,51.4463312,-0.020170212,TRUE,TRUE,Lewisham,E09000023
abe8cce99378e1aa48b6b9c3,51.44615066,-0.021221638,TRUE,TRUE,Lewisham,E09000023
b979e644238760fb6967f142,51.4327487,-0.0198466,TRUE,TRUE,Lewisham,E09000023
0dfeab46826a14d1dc131e7c,51.4417482,-0.0614555,TRUE,TRUE,Lewisham,E09000023
2f324073fe5c37afc7bd5574,51.45926483,-0.011646152,FALSE,TRUE,Lewisham,E09000023
db276a28094e4bbb84117d51,51.43594053,0.01880765,FALSE,TRUE,Lewisham,E09000023
76cc982449acdc0a1a22c2ed,51.43897187,-0.006855726,FALSE,TRUE,Lewisham,E09000023
931247e46bc1063f7a38d2b4,51.46644711,-0.012536645,FALSE,TRUE,Lewisham,E09000023
11b9469854977f46e8321a13,51.42641381,0.011715889,FALSE,TRUE,Lewisham,E09000023
c580e07a999fe8536d9bc02d,51.42749752,-0.010685921,FALSE,TRUE,Lewisham,E09000023
7d4951ba5803709570f39381,51.44230228,-0.00166297,FALSE,TRUE,Lewisham,E09000023
4589e27e99670e176da161b7,51.43004781,0.025754571,FALSE,TRUE,Lewisham,E09000023
46f68c6726f59a6881081d2f,51.43266819,0.021001697,FALSE,TRUE,Lewisham,E09000023
2e5c441e2e4013d8c222e010,51.457127,0.004878,FALSE,TRUE,Lewisham,E09000023
917c07a191eddf0c3a15a1ea,51.45565154,-0.002660751,FALSE,TRUE,Lewisham,E09000023
5e623dfbbf66c60f78fe4886,51.46408433,-0.013856292,FALSE,TRUE,Lewisham,E09000023
bf93d91412342da281188c87,51.4620137,-0.0127045,FALSE,TRUE,Lewisham,E09000023
a7fcbc46cc7f48df53191c68,51.43479515,0.002113581,FALSE,TRUE,Lewisham,E09000023
db7f23212a5bf27f69117b08,51.43573487,-0.05604744,FALSE,TRUE,Lewisham,E09000023
8c57102b8ffad4b4f069b5cc,51.44023919,-0.055478811,TRUE,TRUE,Lewisham,E09000023
dcc6ce8e5c6f2bcb0e48405e,51.45600753,0.010538399,TRUE,TRUE,Lewisham,E09000023
3c39b1526d16486a2e4458ca,51.46783731,-0.044878721,TRUE,TRUE,Lewisham,E09000023
48c504068b2abf70d3eb48ad,51.4769573,-0.0419425,TRUE,TRUE,Lewisham,E09000023
ac22a1ce289fc34ae344fb7e,51.47550606,-0.036864281,TRUE,TRUE,Lewisham,E09000023
8986e8dc3dbc7b398b0ef43f,51.47551943,-0.038237572,TRUE,TRUE,Lewisham,E09000023
fa19f7dec0e7894a2a0b0027,51.450898,0.012230873,TRUE,TRUE,Lewisham,E09000023
10e164e4a034a6cd9d53b1d1,51.42879526,-0.047035217,TRUE,TRUE,Lewisham,E09000023
b138e4b4e3d9b772156474e2,51.4361545,-0.0554506,TRUE,TRUE,Lewisham,E09000023
ae925dbba2f745dfc8bfe41d,51.47780811,-0.027186871,TRUE,TRUE,Lewisham,E09000023
7b5da3fd15b05ac06f032f70,51.47773126,-0.024649501,TRUE,TRUE,Lewisham,E09000023
8d538e498616db4ad5592964,51.48267911,-0.039975643,TRUE,TRUE,Lewisham,E09000023
4cd7bd47fa4ea77c481c5c0a,51.43013142,-0.033683181,FALSE,TRUE,Lewisham,E09000023
e5d9601e763f303ab05ec52b,51.4411336,-0.0613081,FALSE,TRUE,Lewisham,E09000023
45db41bbd27d678462caa21f,51.46499448,-0.018093022,FALSE,TRUE,Lewisham,E09000023
6527735814ef85fe6a1fcd50,51.42692724,-0.040646195,TRUE,TRUE,Lewisham,E09000023
fa0a5da3d55477ca2478421f,51.49000724,0.069774985,TRUE,TRUE,Greenwich,E09000011
613c7a3fc554ca6fdac11007,51.48150651,0.001365244,TRUE,TRUE,Greenwich,E09000011
31b59b6e6e1b71bd756a7392,51.50204283,0.002596378,FALSE,TRUE,Greenwich,E09000011
6fec3dbd6fd70d7f14b76dcc,51.46553142,0.009296536,FALSE,TRUE,Greenwich,E09000011
3bee62b9a2afc93751ca9dad,51.49320466,0.120417892,TRUE,TRUE,Greenwich,E09000011
0ceae68c96fd1df86e8da0b6,51.48677629,0.031446218,FALSE,TRUE,Greenwich,E09000011
5bd6a6d10034050086628eba,51.48266407,0.003470778,FALSE,TRUE,Greenwich,E09000011
acb5bd8c054de53ee570635e,51.47783848,-0.014209644,FALSE,TRUE,Greenwich,E09000011
d4e8838ef03129e7e298abea,51.47951201,-0.007038116,TRUE,TRUE,Greenwich,E09000011
6561451fe9010c1c88a4684c,51.45610805,0.145611763,TRUE,TRUE,Bexley,E09000004
f02cd99fdd1fdfd54d55ff68,51.46260545,0.109672844,FALSE,TRUE,Bexley,E09000004
cc950fc35cd5f04d404c3f45,51.48064792,0.181478262,FALSE,TRUE,Bexley,E09000004
a54cc29ac9db220ac865b357,51.47999979,0.184589624,FALSE,TRUE,Bexley,E09000004
50f574210bda0cfb31548e2e,51.46190516,0.110112551,FALSE,TRUE,Bexley,E09000004
36fadefaf3da8dc8f81801af,51.58018685,0.183388027,FALSE,TRUE,Havering,E09000016
50fecc5493856579b2cbe665,51.58230327,0.1760602,FALSE,TRUE,Havering,E09000016
a3c1a962bc5d253a06ee1fc5,51.55900187,0.250668526,FALSE,TRUE,Havering,E09000016
a4023deb2a1854d3171b16b2,51.5657817,0.1913119,TRUE,TRUE,Havering,E09000016
c055e33b3b6559c8bcbbdc81,51.52017304,0.190656781,TRUE,TRUE,Havering,E09000016
cae7ccab7e3d24f6e52cd1be,51.59371871,0.218423009,TRUE,TRUE,Havering,E09000016
4e07631083f252b1daecd045,51.5515019,0.1305262,TRUE,TRUE,BarkingandDagenham,E09000002
761fee4dbfaa7a029a7d6deb,51.54660193,0.085841417,FALSE,TRUE,BarkingandDagenham,E09000002
b1ebf1f3259747a39709b13b,51.54097039,0.148884058,FALSE,TRUE,BarkingandDagenham,E09000002
4c7c6d8a37d86105173e84df,51.53637386,0.070854322,TRUE,TRUE,BarkingandDagenham,E09000002
f3fe83ff0bed741e3ba37e94,51.55297994,0.175995827,TRUE,TRUE,BarkingandDagenham,E09000002
be44f49154f7e6c3457c04ec,51.55182595,0.181142855,TRUE,TRUE,BarkingandDagenham,E09000002
77623cdb492144f53f0c1226,51.53261521,0.090529919,TRUE,TRUE,BarkingandDagenham,E09000002
99379a4c7efca3c3d9129911,51.55677119,0.069612775,FALSE,TRUE,Redbridge,E09000026
d638df749f2691f0027edc1d,51.55734929,0.069392324,TRUE,TRUE,Redbridge,E09000026
aa1fd42b34e9fa054382d1a8,51.56046016,0.072427818,TRUE,TRUE,Redbridge,E09000026
574803d78a78a3b1854ef937,51.56024259,0.071561847,TRUE,TRUE,Redbridge,E09000026
def27da381fe7cc3eade00e8,51.58600319,0.081882477,TRUE,TRUE,Redbridge,E09000026
2f02f489284a7223f312b3f7,51.55997071,0.093770027,FALSE,TRUE,Redbridge,E09000026
6db6b553ce2744fefb215d07,51.59210906,0.040297508,FALSE,TRUE,Redbridge,E09000026
a6cff325bbca768cddcf5b3a,51.56635684,0.111842752,TRUE,TRUE,Redbridge,E09000026
e3c00de096dbaf0847901ea4,51.5434863,-0.00967741,TRUE,TRUE,Newham,E09000025
c7f42c9b0c1ab01a39bcbca8,51.5417311,-0.0005164,TRUE,TRUE,Newham,E09000025
d6a0f64cc7a9b5d1d13ce84b,51.51499892,0.010439157,TRUE,TRUE,Newham,E09000025
d844366248c29ad31ae30109,51.51746254,0.011447667,TRUE,TRUE,Newham,E09000025
3c47e3f9592c66a106faf6ce,51.54450687,-0.008588433,TRUE,TRUE,Newham,E09000025
5006f755c5c4f7d52cccf9ee,51.50389261,0.049851537,FALSE,TRUE,Newham,E09000025
61c11efc9f1104c74ba58f23,51.544306,0.009883,FALSE,TRUE,Newham,E09000025
9c1c414915e8869be7f16d2e,51.54137415,-0.003656845,TRUE,TRUE,Newham,E09000025
ef705a9ab936bd472575083a,51.51761609,0.075445175,TRUE,TRUE,Newham,E09000025
85e2f4c377424d1eae546deb,51.5430409,-0.0065835,FALSE,TRUE,Newham,E09000025
06e363064aa4b2718585d092,51.56463817,-0.023879659,TRUE,TRUE,WalthamForest,E09000031
bf5f3f2fe900c0e59da87cef,51.58757639,-0.040168762,TRUE,TRUE,WalthamForest,E09000031
d5e6fc6dff82a8aeeb1e7a0e,51.59028605,-0.016943514,FALSE,TRUE,WalthamForest,E09000031
bb10f34f091470165c0e3e74,51.588113,-0.020889044,FALSE,TRUE,WalthamForest,E09000031
42f8c0185c20c6d24e36b68c,51.57610273,-0.014942586,FALSE,TRUE,WalthamForest,E09000031
afb9d39f01c7ad80579d2cf6,51.59006608,-0.01603961,FALSE,TRUE,WalthamForest,E09000031
74734cfcbb478ee48b9e912e,51.58607651,-0.002553463,FALSE,TRUE,WalthamForest,E09000031
81a74524d8fd11343b2fdc5f,51.56825084,0.009940267,TRUE,TRUE,WalthamForest,E09000031
8c8104bc3685ea66048a3600,51.55582507,0.004168153,TRUE,TRUE,WalthamForest,E09000031
da4d7cf219273d081fd580fe,51.56980799,0.0127244,TRUE,TRUE,WalthamForest,E09000031
f1279f3bffe8d8ced90a8963,51.57012475,0.01331985,TRUE,TRUE,WalthamForest,E09000031
ddc5291d0b3c0f80487f0a55,51.56816081,0.0104177,TRUE,TRUE,WalthamForest,E09000031
171ba77307659289d3986cae,51.55963053,0.00543952,TRUE,TRUE,WalthamForest,E09000031
735ea70e63d4918509c28648,51.55992735,-0.01396358,TRUE,TRUE,WalthamForest,E09000031
4b05a8684693dd1b2c76d370,51.55847659,-0.007317066,TRUE,TRUE,WalthamForest,E09000031
4ef600d8ff87c528ad6399b5,51.57074825,-0.023549795,TRUE,TRUE,WalthamForest,E09000031
51653c527e7021828757f30b,51.55109865,-0.004742146,TRUE,TRUE,WalthamForest,E09000031
de0573ec3c12f47738777a5b,51.55933037,-0.011989474,TRUE,TRUE,WalthamForest,E09000031
6512afba1b087ceb54d24cde,51.63023884,0.015900135,TRUE,TRUE,WalthamForest,E09000031
86c5210975d573d31c149726,51.6355397,-0.013260841,TRUE,TRUE,WalthamForest,E09000031
248424fc94b5bc2a7e2f5920,51.60817638,0.000327229,TRUE,TRUE,WalthamForest,E09000031
ef3403984ead67825bd726ed,51.61653433,-0.017219782,TRUE,TRUE,WalthamForest,E09000031
a946698c971dcd477a26ec87,51.60923578,0.00110507,TRUE,TRUE,WalthamForest,E09000031
108534f21632379704b7b1ac,51.6181298,-0.017643571,TRUE,TRUE,WalthamForest,E09000031
522c8dc0ac678d7577238818,51.61597474,-0.017246604,FALSE,TRUE,WalthamForest,E09000031
85b8a3e91bd63a3f44ec08b5,51.63292764,0.009586215,FALSE,TRUE,WalthamForest,E09000031
2406b24345fc42e1e5b4c25e,51.58123657,-0.035448074,TRUE,TRUE,WalthamForest,E09000031
fa33bb8828f9fa95cc466dda,51.5877839,-0.020488,FALSE,TRUE,WalthamForest,E09000031
2eedb40353e9b1c6e06a212a,51.58285661,-0.024442971,TRUE,TRUE,WalthamForest,E09000031
01e615f4ee3fd70be6eb44aa,51.571388,0.0138755,TRUE,TRUE,WalthamForest,E09000031
975f22118fe73927b42aad60,51.58352994,-0.019161701,TRUE,TRUE,WalthamForest,E09000031
44cc81252070036a32c9f381,51.5935619,-0.0212103,TRUE,TRUE,WalthamForest,E09000031
42bee6b91a0dd2998bf73d20,51.59505703,-0.129561424,TRUE,TRUE,Haringey,E09000014
295786c4967d6aa9171090c8,51.59650794,-0.130226612,TRUE,TRUE,Haringey,E09000014
034fc9daf9869b00d593a231,51.57013141,-0.103490353,TRUE,TRUE,Haringey,E09000014
b7074e79fb47f39d8e9f5a7b,51.58157992,-0.120865703,TRUE,TRUE,Haringey,E09000014
fc5794c259f10351f0899cab,51.57829739,-0.1215545,TRUE,TRUE,Haringey,E09000014
4468c8529e2376da9c205a02,51.58831639,-0.059922399,FALSE,TRUE,Haringey,E09000014
cffaea995324580153e9c0f4,51.5953583,-0.10904789,FALSE,TRUE,Haringey,E09000014
361251098dfb4a9c1d46f170,51.63530663,-0.093877316,TRUE,TRUE,Enfield,E09000010
4ee23216d40a20859962e67e,51.66749541,-0.021259522,TRUE,TRUE,Enfield,E09000010
9356051a9387398c282c6080,51.66749541,-0.021259522,TRUE,TRUE,Enfield,E09000010
d44923782eb557f4762bf4d9,51.6317221,-0.1117038,TRUE,TRUE,Enfield,E09000010
38cde8aa63d93695638f1ba9,51.63439656,-0.131685739,FALSE,TRUE,Enfield,E09000010
19e02fce1ecf3bf2d3261a62,51.65230279,-0.057544113,TRUE,TRUE,Enfield,E09000010
f3045f53a3336236fe5c2fae,51.64569905,-0.110791326,TRUE,TRUE,Enfield,E09000010
56274419577ded66d1c80095,51.6291877,-0.099150538,TRUE,TRUE,Enfield,E09000010
9d11c897f32c647dbb8fe6b4,51.65207092,-0.079436302,TRUE,TRUE,Enfield,E09000010
628144ebdddc46bccd135133,51.65122886,-0.081152916,FALSE,TRUE,Enfield,E09000010
c1a43043e66989fddb5164df,51.6518944,-0.0842969,TRUE,TRUE,Enfield,E09000010
be4a7a587942fb260c931170,51.64152662,-0.069214254,FALSE,TRUE,Enfield,E09000010
fa7a8202784c0e2e84b31583,51.610002,-0.048279762,TRUE,TRUE,Enfield,E09000010
555b33ef2ac29a158622c1cc,51.63331222,-0.093587637,FALSE,TRUE,Enfield,E09000010
d2a272a384fb9663f99e8d4c,51.6516915,-0.086174011,TRUE,TRUE,Enfield,E09000010
8ba04a6df0f472bda6120838,51.65099255,-0.076625347,TRUE,TRUE,Enfield,E09000010
1b11036241a7eda06ced1bbe,51.64803687,-0.04774332,TRUE,TRUE,Enfield,E09000010
2393a725b2a2e7437e78b217,51.61630463,-0.274014473,TRUE,TRUE,Barnet,E09000003
e6d8ce3279dc43b86f071655,51.6216273,-0.287371874,TRUE,TRUE,Barnet,E09000003
a26838e271ef35898ba69a65,51.60722565,-0.154876745,TRUE,TRUE,Barnet,E09000003
b7b66d4db76260a2ae6e5921,51.57428908,-0.21476984,FALSE,TRUE,Barnet,E09000003
008897dadfac48d1260a4bb2,51.57956314,-0.353118181,TRUE,TRUE,Harrow,E09000015
3fea70b9719cd76946a56049,51.57960314,-0.335533619,TRUE,TRUE,Harrow,E09000015
60c2d0efddaba79719ae93df,51.58142991,-0.339428186,TRUE,TRUE,Harrow,E09000015
d442f937cd76bcb74f38f96d,51.58143658,-0.339428186,TRUE,TRUE,Harrow,E09000015
69dd96861cefd9fd077988b7,51.60830464,-0.365054011,TRUE,TRUE,Harrow,E09000015
cd5a3a072ee786a46b2fa03a,51.59701449,-0.395486355,FALSE,TRUE,Harrow,E09000015
cbf84dfaaff3bf2b8d376117,51.59340712,-0.380761027,FALSE,TRUE,Harrow,E09000015
59b9d8aacd21ad85ae81ce85,51.61688074,-0.311399102,FALSE,TRUE,Harrow,E09000015
6c72c29d64d0e7b6e9aabaa0,51.54537249,-0.475609303,FALSE,TRUE,Hillingdon,E09000017
e0334c0355d4681bd8993ed6,51.51602106,-0.405920688,FALSE,TRUE,Hillingdon,E09000017
48d2932428ffda8a8b0a1bce,51.51744919,-0.406193733,TRUE,TRUE,Hillingdon,E09000017
4a4f87f84866e129032797e2,51.51683358,-0.405057591,TRUE,TRUE,Hillingdon,E09000017
db96fad6cd041621da626bc6,51.51548232,-0.403628771,TRUE,TRUE,Hillingdon,E09000017
443b43a48788bb9737e3d6fc,51.51557978,-0.476918221,TRUE,TRUE,Hillingdon,E09000017
aece32c1b9667ccdf9bec600,51.54601368,-0.481463671,TRUE,TRUE,Hillingdon,E09000017
b5c00abd8c654f62e5ee2e82,51.56078445,-0.410614014,TRUE,TRUE,Hillingdon,E09000017
adfb4522798f2e3e8ba75199,51.54144583,-0.450364351,FALSE,TRUE,Hillingdon,E09000017
a047436c33c3f2e2e9632287,51.52486595,-0.384939909,TRUE,TRUE,Hillingdon,E09000017
a90a6fe516aaf11f8acd9db7,51.55691738,-0.396478772,TRUE,TRUE,Hillingdon,E09000017
cdc9cab46fbade7897f74c60,51.50995493,-0.222263988,TRUE,TRUE,HammersmithandFulham,E09000013
8b10dfd8f0ec78ce8bf485c1,51.51321196,-0.227208008,TRUE,TRUE,HammersmithandFulham,E09000013
7aa34dfa75cbaebbea4d6d43,51.49215902,-0.223889351,TRUE,TRUE,HammersmithandFulham,E09000013
d24b1ab9dcc76bd69c1d7513,51.49278184,-0.225375295,TRUE,TRUE,HammersmithandFulham,E09000013
36d7057fd31488fc200bb8ad,51.511973,-0.2244689,FALSE,TRUE,HammersmithandFulham,E09000013
010c036838cfcca98662d35c,51.49340148,-0.227985084,TRUE,TRUE,HammersmithandFulham,E09000013
80283d96721d3e79ea63ef8f,51.49780829,-0.210242271,FALSE,TRUE,HammersmithandFulham,E09000013
4a5b460f524feda35ed708d9,51.472008,-0.217745,FALSE,TRUE,HammersmithandFulham,E09000013
d7e4f05eebcb9e6c15adbd1f,51.49751273,-0.22390008,TRUE,TRUE,HammersmithandFulham,E09000013